Customer ID,Full Name,Company Name,Email,City
00101, Ava Chen ,Northline Studio,ava@example.com,Bucharest
00102,Ava Chen,northline studio,ava2@example.com,Bucharest
00103,Noah Smith,Harbor & Co.,noah@example.com,London
00104,Noah Smyth,Harbor and Co,noah2@example.com,London
00105,Ștefan Ionescu, Atelier Ștefan ,stefan@example.com,Cluj
00106,Stefan Ionescu,Atelier Stefan,stefan2@example.com,Cluj
00107,Maya Patel,Cedar Creative,,Berlin
00108,Leo Martin,Brightside Digital,leo@example.com,
00109,Isabella Rossi,Forma Architecture,isabella@example.com,Milan
00110,Oliver Brown,Evergreen Coffee,oliver@example.com,London
00111,Emma Davis,Evergreen Coffee ,emma@example.com,London
00112,Lucas Garcia,Forma Architecture,lucas@example.com,Madrid
00107,Maya Patel,Cedar Creative,,Berlin
